pred_col,balanced_accuracy,sensitivity,specificity,pr_auc
Etherscan,0.492845911949686,0.710691823899371,0.275,0.358923396875639
BlockSec Explorer,0.49685534591195,0.993710691823899,0,0.36073975206358
CertiK Skylens,0.845765947888589,0.930817610062893,0.760714285714286,0.665805814070099
