pred_col,n_examples,accuracy,precision,recall,sensitivity,specificity,balanced_accuracy,pr_auc,f1,tn,fp,fn,tp,npv,fpr,fnr,fdr,for_rate,support_pos,support_neg
etherscan_label,439,0.4328018223234624,0.3575949367088608,0.710691823899371,0.710691823899371,0.275,0.4928459119496855,0.3589233968756387,0.47578947368421054,77,203,46,113,0.6260162601626016,0.725,0.2893081761006289,0.6424050632911392,0.37398373983739835,159,280
blocksec_label,439,0.35990888382687924,0.3607305936073059,0.9937106918238994,0.9937106918238994,0.0,0.4968553459119497,0.36073975206358005,0.5293132328308208,0,280,1,158,0.0,1.0,0.006289308176100629,0.639269406392694,1.0,159,280
webacy_label,439,0.4920273348519362,0.23770491803278687,0.18238993710691823,0.18238993710691823,0.6678571428571428,0.4251235399820305,0.3394825476923742,0.20640569395017794,187,93,130,29,0.5899053627760252,0.33214285714285713,0.8176100628930818,0.7622950819672131,0.41009463722397477,159,280
certik_label,439,0.8223234624145785,0.6883720930232559,0.9308176100628931,0.9308176100628931,0.7607142857142857,0.8457659478885894,0.665805814070099,0.7914438502673797,213,67,11,148,0.9508928571428571,0.2392857142857143,0.06918238993710692,0.3116279069767442,0.049107142857142856,159,280
